{"homebrew_version":"1.2.6-41-g05e9086","used_options":[],"unused_options":[],"built_as_bottle":true,"poured_from_bottle":true,"installed_as_dependency":false,"installed_on_request":true,"changed_files":["INSTALL_RECEIPT.json","lib/pkgconfig/glew.pc"],"time":1502444788,"source_modified_time":1501500339,"HEAD":null,"stdlib":null,"compiler":"clang","aliases":[],"runtime_dependencies":[],"source":{"path":"/goinfre/mntuli/.brew/Library/Taps/homebrew/homebrew-core/Formula/glew.rb","tap":"homebrew/core","spec":"stable","versions":{"stable":"2.1.0","devel":null,"head":"HEAD","version_scheme":0}}}