{"homebrew_version":"1.2.0-66-g459fef3","used_options":[],"unused_options":[],"built_as_bottle":true,"poured_from_bottle":true,"installed_as_dependency":false,"installed_on_request":true,"changed_files":["INSTALL_RECEIPT.json","lib/pkgconfig/glew.pc"],"time":1500808300,"source_modified_time":1469321017,"HEAD":null,"stdlib":null,"compiler":"clang","runtime_dependencies":[],"source":{"path":"/nfs/zfs-student-6/users/mntuli/.brew/Library/Taps/homebrew/homebrew-core/Formula/glew.rb","tap":"homebrew/core","spec":"stable","versions":{"stable":"2.0.0","devel":null,"head":"HEAD","version_scheme":0}}}