{"homebrew_version":null,"used_options":[],"unused_options":["--universal","--without-shared-library","--with-examples","--with-test"],"built_as_bottle":true,"poured_from_bottle":true,"installed_as_dependency":false,"installed_on_request":true,"changed_files":["INSTALL_RECEIPT.json","lib/pkgconfig/glfw3.pc"],"time":1502444756,"source_modified_time":1471519947,"HEAD":null,"stdlib":null,"compiler":"clang","aliases":["glfw@3"],"runtime_dependencies":null,"source":{"path":"/goinfre/mntuli/.brew/Library/Taps/homebrew/homebrew-core/Formula/glfw.rb","tap":"homebrew/core","spec":"stable","versions":{"stable":"3.2.1","devel":null,"head":"HEAD","version_scheme":0}}}